Channel,Time,Voltage
0,6,0.835998
0,7,0.625277
0,8,0.480631
0,9,0.543421
0,10,0.40798
0,11,0.271882
0,12,0.202847
0,13,0.124935
0,14,0.0779255
0,15,0.0664196
0,16,0.0647759
0,17,0.0397917
0,18,0.0779255
0,19,0.0483389
0,20,0.0713507
0,21,0.0739806
0,22,0.0226972
0,23,0.0509688
0,24,0.051955
0,25,0.0664196
0,26,0.0572149
0,27,0.0539275
0,28,0.0391342
0,29,0.0378192
0,30,0.0427503
0,31,0.0489964
0,32,0.0401204
0,33,0.0407779
0,34,0.0463665
0,35,0.0601735
0,36,0.0483389
0,37,0.069707
0,38,0.0430791
0,39,0.0282858
0,40,0.0628035
0,41,0.0496539
0,42,0.0539275
0,43,0.0434078
0,44,0.044394
0,45,0.0460377
0,46,0.051955
0,47,0.0480102
0,48,0.0637897
0,49,0.0562287
0,50,0.027957
0,51,0.0226972
0,52,0.0397917
0,53,0.0480102
0,54,0.0598448
0,55,0.0647759
0,56,0.0371618
0,57,0.036833
0,58,0.0476814
0,59,0.0476814
0,60,0.0427503
0,61,0.060831
0,62,0.0296007
0,63,0.0315732
0,64,0.0529413
0,65,0.0555712
0,66,0.0591873
0,67,0.0345318
0,68,0.0338744
0,69,0.0476814
0,70,0.0447228
0,71,0.0414354
0,72,0.0480102
0,73,0.0634609
0,74,0.0286145
0,75,0.05327
0,76,0.0687208
0,77,0.036833
1,6,1.0717
1,7,0.722583
1,8,0.411925
1,9,0.235063
1,10,0.172603
1,11,0.103896
1,12,0.0752956
1,13,0.0414354
1,14,0.00100038
1,15,-0.0151079
1,16,-0.0157653
1,17,-0.0302299
1,18,-0.00984803
1,19,-0.0223401
1,20,-0.0118205
1,21,-0.0160941
1,22,-0.035161
1,23,-0.0299012
1,24,-0.0282575
1,25,-0.0203677
1,26,-0.0276
1,27,-0.0233264
1,28,-0.0272712
1,29,-0.0197102
1,30,-0.0236551
1,31,-0.0358185
1,32,-0.0345035
1,33,-0.0259563
1,34,-0.0272712
1,35,-0.018724
1,36,-0.0223401
1,37,-0.0157653
1,38,-0.0210252
1,39,-0.044037
1,40,-0.0190527
1,41,-0.0157653
1,42,-0.0282575
1,43,-0.0345035
1,44,-0.035161
1,45,-0.0325311
1,46,-0.0206964
1,47,-0.0312161
1,48,-0.0137929
1,49,-0.0105055
1,50,-0.0279287
1,51,-0.0361472
1,52,-0.0216827
1,53,-0.0295724
1,54,-0.0213539
1,55,-0.0243126
1,56,-0.0282575
1,57,-0.0266138
1,58,-0.0134642
1,59,-0.0282575
1,60,-0.0282575
1,61,-0.0134642
1,62,-0.017409
1,63,-0.0377909
1,64,-0.0335173
1,65,-0.0279287
1,66,-0.0167516
1,67,-0.0279287
1,68,-0.0328598
1,69,-0.0266138
1,70,-0.0299012
1,71,-0.0308874
1,72,-0.0299012
1,73,-0.0279287
1,74,-0.036476
1,75,-0.018724
1,76,-0.0121492
1,77,-0.0193815
2,7,-0.192627
2,8,0.399104
2,9,0.226845
2,10,0.11836
2,11,0.0489964
2,12,0.01415
2,13,0.0036303
2,14,-0.0236551
2,15,-0.0407496
2,16,-0.0460094
2,17,-0.0368047
2,18,-0.0229976
2,19,-0.0213539
2,20,-0.0154366
2,21,-0.0335173
2,22,-0.0535704
2,23,-0.0374622
2,24,-0.0381197
2,25,-0.0220114
2,26,-0.0400921
2,27,-0.0368047
2,28,-0.0361472
2,29,-0.026285
2,30,-0.0341748
2,31,-0.0476531
2,32,-0.057844
2,33,-0.0512693
2,34,-0.0361472
2,35,-0.026285
2,36,-0.0223401
2,37,-0.0279287
2,38,-0.0387771
2,39,-0.0492968
2,40,-0.0456807
2,41,-0.0325311
2,42,-0.0358185
2,43,-0.0430508
2,44,-0.0384484
2,45,-0.0377909
2,46,-0.0381197
2,47,-0.0430508
2,48,-0.0384484
2,49,-0.0381197
2,50,-0.0420645
2,51,-0.0460094
2,52,-0.0335173
2,53,-0.0374622
2,54,-0.0289149
2,55,-0.0302299
2,56,-0.0463382
2,57,-0.0453519
2,58,-0.0315449
2,59,-0.0397634
2,60,-0.0473244
2,61,-0.044037
2,62,-0.0407496
2,63,-0.0486393
2,64,-0.0571866
2,65,-0.0512693
2,66,-0.0499543
2,67,-0.0538992
2,68,-0.0420645
2,69,-0.0483106
2,70,-0.0407496
2,71,-0.0276
2,72,-0.0404208
2,73,-0.0509405
2,74,-0.0489681
2,75,-0.0542279
2,76,-0.0341748
2,77,-0.0226689
3,7,1.05428
3,8,0.630865
3,9,0.338287
3,10,0.183122
3,11,0.0726656
3,12,0.0161224
3,13,-0.0013008
3,14,-0.0108343
3,15,-0.0239838
3,16,-0.0391059
3,17,-0.044037
3,18,-0.0492968
3,19,-0.0483106
3,20,-0.036476
3,21,-0.0331886
3,22,-0.0483106
3,23,-0.0430508
3,24,-0.0453519
3,25,-0.018724
3,26,-0.0259563
3,27,-0.0430508
3,28,-0.0460094
3,29,-0.0266138
3,30,-0.0220114
3,31,-0.0269425
3,32,-0.0384484
3,33,-0.0417358
3,34,-0.0535704
3,35,-0.0525842
3,36,-0.0430508
3,37,-0.0279287
3,38,-0.035161
3,39,-0.0433795
3,40,-0.0548854
3,41,-0.0565291
3,42,-0.0509405
3,43,-0.0509405
3,44,-0.0463382
3,45,-0.0420645
3,46,-0.0509405
3,47,-0.0585015
3,48,-0.0601452
3,49,-0.0558716
3,50,-0.0545566
3,51,-0.051598
3,52,-0.0535704
3,53,-0.0558716
3,54,-0.0509405
3,55,-0.0437082
3,56,-0.051598
3,57,-0.0492968
3,58,-0.0519267
3,59,-0.0407496
3,60,-0.0437082
3,61,-0.0473244
3,62,-0.0519267
3,63,-0.0512693
3,64,-0.059159
3,65,-0.060474
3,66,-0.0496256
3,67,-0.0555429
3,68,-0.0496256
3,69,-0.0555429
3,70,-0.0568578
3,71,-0.0410783
3,72,-0.0407496
3,73,-0.0473244
3,74,-0.0308874
3,75,-0.0420645
3,76,-0.0437082
3,77,-0.0269425
4,8,0.47307
4,9,0.521724
4,10,0.272211
4,11,0.109156
4,12,0.0161224
4,13,-0.0417358
4,14,-0.0726373
4,15,-0.0594877
4,16,-0.0910468
4,17,-0.0982791
4,18,-0.100251
4,19,-0.0949917
4,20,-0.0946629
4,21,-0.0861157
4,22,-0.0992653
4,23,-0.103539
4,24,-0.0943342
4,25,-0.0884169
4,26,-0.0824995
4,27,-0.0943342
4,28,-0.0969641
4,29,-0.0949917
4,30,-0.0953204
4,31,-0.100251
4,32,-0.116031
4,33,-0.0992653
4,34,-0.0969641
4,35,-0.105183
4,36,-0.0913755
4,37,-0.0949917
4,38,-0.101238
4,39,-0.0818421
4,40,-0.0874306
4,41,-0.0949917
4,42,-0.105511
4,43,-0.103868
4,44,-0.107484
4,45,-0.0867732
4,46,-0.0913755
4,47,-0.0930192
4,48,-0.0949917
4,49,-0.099594
4,50,-0.0936767
4,51,-0.10058
4,52,-0.0867732
4,53,-0.0874306
4,54,-0.092033
4,55,-0.101895
4,56,-0.0999228
4,57,-0.0936767
4,58,-0.0828283
4,59,-0.0913755
4,60,-0.0746098
4,61,-0.083157
4,62,-0.0867732
4,63,-0.0940054
4,64,-0.10321
4,65,-0.110442
4,66,-0.116688
4,67,-0.113072
4,68,-0.102553
4,69,-0.0926905
4,70,-0.099594
4,71,-0.0999228
4,72,-0.0834858
4,73,-0.0956491
4,74,-0.0805271
4,75,-0.0943342
4,76,-0.0792121
4,77,-0.0805271
5,8,1.09077
5,9,0.887939
5,10,0.557556
5,11,0.294565
5,12,0.132496
5,13,0.0332169
5,14,-0.00656063
5,15,-0.0400921
5,16,-0.0407496
5,17,-0.0371334
5,18,-0.0414071
5,19,-0.0348323
5,20,-0.0417358
5,21,-0.0585015
5,22,-0.0400921
5,23,-0.0331886
5,24,-0.0377909
5,25,-0.0423933
5,26,-0.059159
5,27,-0.0374622
5,28,-0.0391059
5,29,-0.0348323
5,30,-0.0299012
5,31,-0.0456807
5,32,-0.0542279
5,33,-0.0400921
5,34,-0.0466669
5,35,-0.0585015
5,36,-0.0726373
5,37,-0.0562003
5,38,-0.0384484
5,39,-0.0407496
5,40,-0.0489681
5,41,-0.044037
5,42,-0.0397634
5,43,-0.0575153
5,44,-0.0512693
5,45,-0.0430508
5,46,-0.0302299
5,47,-0.0387771
5,48,-0.0410783
5,49,-0.0571866
5,50,-0.0581728
5,51,-0.0400921
5,52,-0.050283
5,53,-0.0433795
5,54,-0.0512693
5,55,-0.0437082
5,56,-0.0525842
5,57,-0.0266138
5,58,-0.0496256
5,59,-0.0542279
5,60,-0.0654051
5,61,-0.0509405
5,62,-0.0545566
5,63,-0.0506118
5,64,-0.0394346
5,65,-0.0496256
5,66,-0.0361472
5,67,-0.044037
5,68,-0.0723086
5,69,-0.0654051
5,70,-0.0394346
5,71,-0.0381197
5,72,-0.036476
5,73,-0.0542279
5,74,-0.0617889
5,75,-0.0657338
5,76,-0.0673775
5,77,-0.0558716
6,0,0.260047
6,1,0.915553
6,2,1.06546
6,3,0.975055
6,4,0.88761
6,5,0.82515
6,6,0.477015
6,7,0.266622
6,8,0.119675
6,9,0.217311
6,10,0.153207
6,11,0.0680633
6,12,0.00560274
6,13,-0.0299012
6,14,-0.0608027
6,15,-0.0821708
6,16,-0.0851295
6,17,-0.0903893
6,18,-0.0989365
6,19,-0.100251
6,20,-0.0989365
6,21,-0.0999228
6,22,-0.102224
6,23,-0.0992653
6,24,-0.0969641
6,25,-0.0867732
6,26,-0.10584
6,27,-0.102224
6,28,-0.0972928
6,29,-0.0936767
6,30,-0.0887456
6,31,-0.0979503
6,32,-0.105511
6,33,-0.0877594
6,34,-0.0910468
6,35,-0.099594
6,36,-0.114059
6,37,-0.112744
6,38,-0.101238
6,39,-0.093348
6,40,-0.093348
6,41,-0.0900606
6,42,-0.0739523
6,43,-0.0903893
6,44,-0.0953204
6,45,-0.0798696
6,46,-0.0759247
6,47,-0.0877594
6,48,-0.0986078
6,49,-0.106498
6,50,-0.0992653
6,51,-0.0963066
6,52,-0.0992653
6,53,-0.0815133
6,54,-0.0969641
6,55,-0.0884169
6,56,-0.10058
6,57,-0.093348
6,58,-0.0851295
6,59,-0.0772397
6,60,-0.0949917
6,61,-0.0788834
6,62,-0.090718
6,63,-0.101566
6,64,-0.0959779
6,65,-0.106826
6,66,-0.0874306
6,67,-0.0917043
6,68,-0.108799
6,69,-0.113401
6,70,-0.110114
6,71,-0.106169
6,72,-0.0976216
6,73,-0.0848007
6,74,-0.0949917
6,75,-0.10584
6,76,-0.110771
6,77,-0.099594
7,0,1.56481
7,1,1.6368
7,2,1.51846
7,3,1.30577
7,4,1.04771
7,5,0.831067
7,6,0.521066
7,7,0.230789
7,8,0.157809
7,9,0.236707
7,10,0.208106
7,11,0.165699
7,12,0.0963349
7,13,0.0480102
7,14,0.047024
7,15,0.0289433
7,16,-0.00623189
7,17,0.0207248
7,18,0.01415
7,19,0.0263133
7,20,0.0148075
7,21,-0.0318736
7,22,-0.00787559
7,23,-0.00886181
7,24,0.00330156
7,25,-0.00195828
7,26,-0.0128067
7,27,-0.011163
7,28,-0.00754685
7,29,0.0144787
7,30,0.0361755
7,31,0.0226972
7,32,0.0121775
7,33,0.00987636
7,34,0.0263133
7,35,0.0105338
7,36,0.00987636
7,37,-0.0124779
7,38,-0.0210252
7,39,0.00724644
7,40,-0.00984803
7,41,-0.00623189
7,42,-0.0137929
7,43,-0.0177378
7,44,-0.0183953
7,45,-0.0141216
7,46,-0.0154366
7,47,0.00428778
7,48,-0.00360197
7,49,-0.0269425
7,50,-0.0239838
7,51,0.00954762
7,52,0.00987636
7,53,0.00724644
7,54,0.00165786
7,55,-0.0233264
7,56,-0.0147791
7,57,0.0164512
7,58,0.0085614
7,59,0.000671643
7,60,0.021711
7,61,-0.0029445
7,62,0.0105338
7,63,0.0194098
7,64,0.00987636
7,65,0.00428778
7,66,-0.0190527
7,67,-0.00491693
7,68,-0.0118205
7,69,-0.00754685
7,70,-0.00327323
7,71,0.00297282
7,72,0.0069177
7,73,-0.0177378
7,74,0.0115201
7,75,0.021711
7,76,-0.0114917
7,77,-0.0154366
